{
    "id": "movie_6926bfa4cb4fb",
    "meta": {
        "series_name": "vignesh",
        "folder_name": "vignesh",
        "content_type": "movie",
        "movie_title": "j ;h",
        "movie_release_id": "0",
        "creator": "vinodh0512"
    },
    "status": {
        "state": "Live",
        "upload_date": "2025-11-26 08:51:48",
        "publish_date": "2025-11-26 08:51:48"
    },
    "assets": {
        "thumbnail_path": "movie\/vignesh\/j_h_c1245a78\/cover.webp",
        "video_url": "https:\/\/chatgpt.com\/c\/69268233-cab4-8321-92df-d647677bfc3e",
        "video_type_hint": ""
    }
}