{
    "creator": [
        {
            "type": "read_chapter",
            "series": "tokisensei-wa-kigaetai",
            "content_type": "manga",
            "title": "",
            "chapter": "13",
            "time": "2025-11-24 14:51:33"
        },
        {
            "type": "read_chapter",
            "series": "tokisensei-wa-kigaetai",
            "content_type": "manga",
            "title": "",
            "chapter": "1",
            "time": "2025-11-24 14:51:40"
        },
        {
            "type": "read_chapter",
            "series": "tokisensei-wa-kigaetai",
            "content_type": "manga",
            "title": "",
            "chapter": "13",
            "time": "2025-11-24 14:51:45"
        },
        {
            "type": "read_chapter",
            "series": "tokisensei-wa-kigaetai",
            "content_type": "manga",
            "title": "",
            "chapter": "13",
            "time": "2025-11-24 15:04:48"
        },
        {
            "type": "add_list",
            "series": "tokisensei-wa-kigaetai",
            "content_type": "manga",
            "title": "tokisensei-wa-kigaetai",
            "chapter": "",
            "time": "2025-11-24 15:05:11"
        },
        {
            "type": "remove_list",
            "series": "tokisensei-wa-kigaetai",
            "content_type": "manga",
            "title": "tokisensei-wa-kigaetai",
            "chapter": "",
            "time": "2025-11-24 15:05:11"
        },
        {
            "type": "read_chapter",
            "series": "Overgeared",
            "content_type": "comic",
            "title": "",
            "chapter": "1",
            "time": "2025-11-24 15:15:22"
        },
        {
            "type": "read_chapter",
            "series": "test",
            "content_type": "comic",
            "title": "",
            "chapter": "1",
            "time": "2025-11-24 15:23:00"
        },
        {
            "type": "read_chapter",
            "series": "test",
            "content_type": "comic",
            "title": "",
            "chapter": "2",
            "time": "2025-11-24 15:23:35"
        },
        {
            "type": "read_chapter",
            "series": "test",
            "content_type": "comic",
            "title": "",
            "chapter": "1",
            "time": "2025-11-24 15:23:37"
        },
        {
            "type": "read_chapter",
            "series": "test",
            "content_type": "comic",
            "title": "",
            "chapter": "2",
            "time": "2025-11-24 15:23:40"
        },
        {
            "type": "read_chapter",
            "series": "test",
            "content_type": "comic",
            "title": "",
            "chapter": "2",
            "time": "2025-11-24 16:19:54"
        },
        {
            "type": "add_list",
            "series": "test",
            "content_type": "comic",
            "title": "test",
            "chapter": "",
            "time": "2025-11-24 16:28:47"
        },
        {
            "type": "remove_list",
            "series": "test",
            "content_type": "comic",
            "title": "test",
            "chapter": "",
            "time": "2025-11-24 16:28:48"
        },
        {
            "type": "read_chapter",
            "series": "test",
            "content_type": "comic",
            "title": "",
            "chapter": "2",
            "time": "2025-11-24 16:28:49"
        },
        {
            "type": "add_list",
            "series": "test",
            "content_type": "comic",
            "title": "test",
            "chapter": "",
            "time": "2025-11-24 16:29:12"
        },
        {
            "type": "remove_list",
            "series": "test",
            "content_type": "comic",
            "title": "test",
            "chapter": "",
            "time": "2025-11-24 16:29:16"
        },
        {
            "type": "add_list",
            "series": "test_3",
            "content_type": "comic",
            "title": "test 3",
            "chapter": "",
            "time": "2025-11-24 16:33:57"
        },
        {
            "type": "remove_list",
            "series": "test_3",
            "content_type": "comic",
            "title": "test 3",
            "chapter": "",
            "time": "2025-11-24 16:33:59"
        }
    ],
    "acethumbstudio": [
        {
            "type": "read_chapter",
            "series": "test",
            "content_type": "comic",
            "title": "",
            "chapter": "2",
            "time": "2025-11-24 18:14:44"
        }
    ],
    "vinodh0512": [
        {
            "type": "read_chapter",
            "series": "Hit_Comics_1",
            "content_type": "comic",
            "title": "",
            "chapter": "1",
            "time": "2025-11-25 11:01:35"
        },
        {
            "type": "read_chapter",
            "series": "hii",
            "content_type": "comic",
            "title": "",
            "chapter": "1",
            "time": "2025-11-25 12:36:53"
        },
        {
            "type": "read_chapter",
            "series": "hii",
            "content_type": "comic",
            "title": "",
            "chapter": "1",
            "time": "2025-11-25 12:49:25"
        },
        {
            "type": "add_list",
            "series": "Hit_Comics_1",
            "content_type": "comic",
            "title": "Hit Comics 1",
            "chapter": "",
            "time": "2025-11-26 04:17:45"
        },
        {
            "type": "remove_list",
            "series": "Hit_Comics_1",
            "content_type": "comic",
            "title": "Hit Comics 1",
            "chapter": "",
            "time": "2025-11-26 04:17:46"
        },
        {
            "type": "add_list",
            "series": "vh",
            "content_type": "comic",
            "title": "vh",
            "chapter": "",
            "time": "2025-11-26 05:59:49"
        },
        {
            "type": "add_list",
            "series": "vignesh",
            "content_type": "movie",
            "title": "vignesh",
            "chapter": "",
            "time": "2025-11-26 09:06:54"
        },
        {
            "type": "remove_list",
            "series": "vignesh",
            "content_type": "movie",
            "title": "vignesh",
            "chapter": "",
            "time": "2025-11-26 09:06:57"
        },
        {
            "type": "add_list",
            "series": "vignesh",
            "content_type": "movie",
            "title": "vignesh",
            "chapter": "",
            "time": "2025-11-26 09:06:58"
        },
        {
            "type": "remove_list",
            "series": "vignesh",
            "content_type": "movie",
            "title": "vignesh",
            "chapter": "",
            "time": "2025-11-26 09:06:59"
        }
    ]
}