{"status":"success","data":[{"title":"LENFB","folder":"LENFB","type":"webtoon","chapter_num":"nfpwen","timestamp":1764151855,"time_ago":"4h ago","thumbnail":"\/comicversev.1\/Book_data\/series\/LENFB\/nfpwen_591a9d58\/cover.webp","rating":"0.0 (0%)","views":0,"badge":"NEW"},{"title":"ljnfe","folder":"ljnfe","type":"webtoon","chapter_num":"vse","timestamp":1764149798,"time_ago":"4h ago","thumbnail":"\/comicversev.1\/Book_data\/movie\/ljnfe\/vse_16138331\/cover.webp","rating":"0.0 (0%)","views":0,"badge":"NEW"},{"title":"vignesh","folder":"vignesh","type":"webtoon","chapter_num":1,"timestamp":1764147108,"time_ago":"5h ago","thumbnail":"\/comicversev.1\/Book_data\/movie\/vignesh\/j_h_c1245a78\/cover.webp","rating":"0.0 (0%)","views":1,"badge":"NEW"},{"title":"vh","folder":"vh","type":"comic","chapter_num":1,"timestamp":1764136592,"time_ago":"8h ago","thumbnail":"\/comicversev.1\/Book_data\/comic\/vh\/Chapter_1\/cover.webp","rating":"5.0 (100%)","views":1,"badge":"NEW"}]}