{
    "id": "content_6926ca261cfbb",
    "meta": {
        "series_name": "ljnfe",
        "folder_name": "ljnfe",
        "content_type": "movie",
        "title": "vse",
        "unique_id": "0",
        "creator": "vinodh0512"
    },
    "status": {
        "state": "Live",
        "upload_date": "2025-11-26 09:36:38",
        "publish_date": "2025-11-26 09:36:38"
    },
    "assets": {
        "thumbnail_path": "movie\/ljnfe\/vse_16138331\/cover.webp",
        "video_url": "https:\/\/chatgpt.com\/c\/69268233-cab4-8321-92df-d647677bfc3e",
        "source_hint": "video_url"
    }
}