{
    "comic": {
        "Hit_Comics_1": {
            "chapters": {
                "2": {
                    "count": 1,
                    "ips": {
                        "::1": "2025-11-25T12:41:23+00:00"
                    }
                }
            },
            "total": 1
        },
        "hii": {
            "chapters": {
                "1": {
                    "count": 5,
                    "ips": {
                        "157.51.98.175": "2025-11-25T12:49:25+00:00",
                        "152.57.200.206": "2025-11-25T12:54:00+00:00",
                        "103.231.79.44": "2025-11-25T13:27:30+00:00",
                        "2409:40f4:3044:947c:4900:8efe:9495:96c5": "2025-11-25T13:56:02+00:00",
                        "::1": "2025-11-26T04:17:27+00:00"
                    }
                }
            },
            "total": 5
        },
        "vh": {
            "chapters": {
                "1": {
                    "count": 1,
                    "ips": {
                        "::1": "2025-11-26T06:04:29+00:00"
                    }
                }
            },
            "total": 1
        }
    },
    "movie": {
        "vignesh": {
            "chapters": {
                "1": {
                    "count": 1,
                    "ips": {
                        "::1": "2025-11-26T08:52:11+00:00"
                    }
                }
            },
            "total": 1
        }
    }
}