{
    "id": "chapter_692696904406b",
    "meta": {
        "series_name": "vh",
        "folder_name": "vh",
        "content_type": "comic",
        "chapter_number": 1,
        "chapter_title": "",
        "creator": "vinodh0512"
    },
    "status": {
        "state": "Live",
        "upload_date": "2025-11-26 05:56:32",
        "publish_date": "2025-11-26 05:56:32"
    },
    "assets": {
        "thumbnail": "comic\/vh\/Chapter_1\/cover.webp",
        "archive_url": "https:\/\/chatgpt.com\/c\/69268233-cab4-8321-92df-d647677bfc3e",
        "file_type_hint": ""
    }
}